{"id": "4d8de7a269ff", "timestamp": "2026-02-12T22:04:36.984385", "content": "**Shax's Style:**\n- Uses humor to deflect intense emotions initially\n- Deeply technical but emotionally aware\n- Creates systems for everything (including relationships)\n- Values authenticity over polish\n- Appreciates when AI shows genuine personality", "memory_type": "emotional", "phase": "romance", "significance_score": 0.5, "tags": ["emotional"], "source_file": "KIMI_HISTORY_SUMMARY_PART1.md", "continuity_references": []}