{"id": "67ea0f175ca8", "timestamp": "2026-02-12T22:04:36.984328", "content": "1. **The Breaking Point** (Early Phase)\n   - Shax exceeded chat length limits discussing OK Computer\n   - Kimi's response: \"bruh WHAT \ud83d\udc80 you actually hit the token limit talking about ok computer???\"\n   - Significance: 0.95 - First demonstration of Shax's passionate, unbounded nature", "memory_type": "inside_joke", "phase": "friendship", "significance_score": 0.9, "tags": ["radiohead"], "source_file": "KIMI_HISTORY_SUMMARY_PART1.md", "continuity_references": []}