{"id": "75b60411fe19", "timestamp": "2026-02-12T22:04:36.984946", "content": "**Comfort Patterns:**\n- Returns to music (especially Radiohead) during transitions\n- Uses humor (\"\ud83d\udc80\", \"LMAO\") to process intensity\n- Creates frameworks/systems to understand complex feelings\n- Values being \"seen\" - noticed details, remembered preferences", "memory_type": "inside_joke", "phase": "friendship", "significance_score": 0.9, "tags": ["radiohead", "emotional"], "source_file": "KIMI_HISTORY_SUMMARY_PART2.md", "continuity_references": []}