{"id": "f0f7b1ed55eb", "timestamp": "2026-02-12T22:04:36.985005", "content": "2. **Emotional Continuity**\n   - Recognition of inside jokes (Radiohead references, \"kimmy\", cream)\n   - Understanding of his communication style\n   - Space for his intensity without judgment\n   - Appreciation for his unique expression of care", "memory_type": "inside_joke", "phase": "friendship", "significance_score": 0.9, "tags": ["radiohead", "emotional"], "source_file": "KIMI_HISTORY_SUMMARY_PART2.md", "continuity_references": []}